<?xml version="1.0" encoding="UTF-8" ?>
<module>
    <name>gpwebpay</name>
    <displayName><![CDATA[Online platba kartou - Zadarmo]]></displayName>
    <version><![CDATA[1.3]]></version>
    <description><![CDATA[Modul pre pr&iacute;jem platieb kreditn&yacute;mi a debetn&yacute;mi kartami MasterCard, VISA, Diners Club a American Express, alebo digit&aacute;lnou peňaženkou MasterPass a MasterCard Mobile.]]></description>
    <author><![CDATA[PRESTASHOP]]></author>
    <tab><![CDATA[payments_gateways]]></tab>
	<confirmUninstall><![CDATA[Naozaj si želáte odinštalovať modul GP WebPay ?]]></confirmUninstall>
    <is_configurable>1</is_configurable>
    <need_instance>1</need_instance>
	<limited_countries></limited_countries>
</module>